epoch,time(s),train_loss,test_loss,test_error(%)
001,00011,32.269372,6.55764,100.00
002,00004,32.068869,6.48912,100.00
003,00004,31.735879,6.42942,100.00
004,00005,31.212272,6.37019,100.00
005,00004,30.203275,6.27422,100.00
006,00004,23.899244,6.10811,100.00
