epoch,time(s),train_loss,test_loss,test_error(%)
001,00005,36.505384,5.45638,100.00
002,00004,36.279853,5.50268,100.00
003,00004,35.915924,5.52327,100.00
